[
    {"name": "Andaman and Nicobar Islands", "slug": "andaman-and-nicobar-islands"},
    {"name": "Andhra Pradesh", "slug": "andhra-pradesh"},
    {"name": "Arunachal Pradesh", "slug": "arunachal-pradesh"},
    {"name": "Assam", "slug": "assam"},
    {"name": "Bihar", "slug": "bihar"},
    {"name": "Chandigarh", "slug": "chandigarh"},
    {"name": "Chhattisgarh", "slug": "chhattisgarh"},
    {"name": "Delhi", "slug": "delhi"},
    {"name": "Dadra and Nagar Haveli and Daman and Diu", "slug": "dnh-and-dd"},
    {"name": "Goa", "slug": "goa"},
    {"name": "Gujarat", "slug": "gujarat"},
    {"name": "Haryana", "slug": "haryana"},
    {"name": "Himachal Pradesh", "slug": "himachal-pradesh"},
    {"name": "Jammu and Kashmir", "slug": "jammu-and-kashmir"},
    {"name": "Karnataka", "slug": "karnataka"},
    {"name": "Kerala", "slug": "kerala"},
    {"name": "Ladakh", "slug": "ladakh"},
    {"name": "Lakshadweep", "slug": "lakshadweep"},
    {"name": "Madhya Pradesh", "slug": "madhya-pradesh"},
    {"name": "Maharashtra", "slug": "maharashtra"},
    {"name": "Manipur", "slug": "manipur"},
    {"name": "Meghalaya", "slug": "meghalaya"},
    {"name": "Mizoram", "slug": "mizoram"},
    {"name": "Nagaland", "slug": "nagaland"},
    {"name": "Odisha", "slug": "odisha"},
    {"name": "Puducherry", "slug": "puducherry"},
    {"name": "Punjab", "slug": "punjab"},
    {"name": "Rajasthan", "slug": "rajasthan"},
    {"name": "Sikkim", "slug": "sikkim"},
    {"name": "Tamil Nadu", "slug": "tamil-nadu"},
    {"name": "Telangana", "slug": "telangana"},
    {"name": "Tripura", "slug": "tripura"},
    {"name": "Uttar Pradesh", "slug": "uttar-pradesh"},
    {"name": "Uttarakhand", "slug": "uttarakhand"},
    {"name": "West Bengal", "slug": "west-bengal"}
]
